-- phpMyAdmin SQL Dump
-- version 5.2.1
-- https://www.phpmyadmin.net/
--
-- Host: 127.0.0.1
-- Generation Time: Jan 16, 2026 at 01:41 PM
-- Server version: 10.4.32-MariaDB
-- PHP Version: 8.2.12

SET SQL_MODE = "NO_AUTO_VALUE_ON_ZERO";
START TRANSACTION;
SET time_zone = "+00:00";


/*!40101 SET @OLD_CHARACTER_SET_CLIENT=@@CHARACTER_SET_CLIENT */;
/*!40101 SET @OLD_CHARACTER_SET_RESULTS=@@CHARACTER_SET_RESULTS */;
/*!40101 SET @OLD_COLLATION_CONNECTION=@@COLLATION_CONNECTION */;
/*!40101 SET NAMES utf8mb4 */;

--
-- Database: `hospital_db`
--

-- --------------------------------------------------------

--
-- Table structure for table `doctors`
--

CREATE TABLE `doctors` (
  `doctor_id` int(11) NOT NULL,
  `first_name` varchar(100) DEFAULT NULL,
  `specialization` varchar(150) DEFAULT NULL
) ENGINE=InnoDB DEFAULT CHARSET=utf8mb4 COLLATE=utf8mb4_general_ci;

--
-- Dumping data for table `doctors`
--

INSERT INTO `doctors` (`doctor_id`, `first_name`, `specialization`) VALUES
(1, 'Doctor_1', 'General Medicine'),
(2, 'Doctor_2', 'Surgery'),
(3, 'Doctor_3', 'General Medicine'),
(4, 'Doctor_4', 'Pediatrics'),
(5, 'Doctor_5', 'Cardiology'),
(6, 'Doctor_6', 'General Medicine'),
(7, 'Doctor_7', 'Surgery'),
(8, 'Doctor_8', 'Cardiology'),
(9, 'Doctor_9', 'General Medicine'),
(10, 'Doctor_10', 'Pediatrics'),
(11, 'Doctor_11', 'Cardiology'),
(12, 'Doctor_12', 'Surgery'),
(13, 'Doctor_13', 'Cardiology'),
(14, 'Doctor_14', 'Pediatrics'),
(15, 'Doctor_15', 'General Medicine'),
(16, 'Doctor_16', 'Surgery'),
(17, 'Doctor_17', 'General Medicine'),
(18, 'Doctor_18', 'Pediatrics'),
(19, 'Doctor_19', 'General Medicine'),
(20, 'Doctor_20', 'Pediatrics'),
(21, 'Doctor_21', 'General Medicine'),
(22, 'Doctor_22', 'Cardiology'),
(23, 'Doctor_23', 'Cardiology'),
(24, 'Doctor_24', 'General Medicine'),
(25, 'Doctor_25', 'General Medicine'),
(26, 'Doctor_26', 'Cardiology'),
(27, 'Doctor_27', 'Cardiology'),
(28, 'Doctor_28', 'General Medicine'),
(29, 'Doctor_29', 'Surgery'),
(30, 'Doctor_30', 'Pediatrics'),
(31, 'Doctor_31', 'Pediatrics'),
(32, 'Doctor_32', 'Cardiology'),
(33, 'Doctor_33', 'Pediatrics'),
(34, 'Doctor_34', 'Pediatrics'),
(35, 'Doctor_35', 'Pediatrics'),
(36, 'Doctor_36', 'General Medicine'),
(37, 'Doctor_37', 'Cardiology'),
(38, 'Doctor_38', 'Surgery'),
(39, 'Doctor_39', 'Pediatrics'),
(40, 'Doctor_40', 'Cardiology');

-- --------------------------------------------------------

--
-- Table structure for table `patients`
--

CREATE TABLE `patients` (
  `patient_id` int(11) NOT NULL,
  `first_name` varchar(100) DEFAULT NULL,
  `gender` varchar(100) DEFAULT NULL,
  `date_of_birth` date DEFAULT NULL
) ENGINE=InnoDB DEFAULT CHARSET=utf8mb4 COLLATE=utf8mb4_general_ci;

--
-- Dumping data for table `patients`
--

INSERT INTO `patients` (`patient_id`, `first_name`, `gender`, `date_of_birth`) VALUES
(1, 'Patient_1', 'F', '1970-07-06'),
(2, 'Patient_2', 'F', '1966-09-23'),
(3, 'Patient_3', 'M', '1989-10-10'),
(4, 'Patient_4', 'M', '1993-09-28'),
(5, 'Patient_5', 'M', '1990-07-05'),
(6, 'Patient_6', 'M', '2000-12-29'),
(7, 'Patient_7', 'M', '2002-02-17'),
(8, 'Patient_8', 'F', '1999-11-14'),
(9, 'Patient_9', 'M', '1993-03-18'),
(10, 'Patient_10', 'F', '2005-01-22'),
(11, 'Patient_11', 'M', '1994-08-16'),
(12, 'Patient_12', 'F', '1989-03-22'),
(13, 'Patient_13', 'F', '1998-05-26'),
(14, 'Patient_14', 'M', '1960-07-30'),
(15, 'Patient_15', 'M', '1969-11-28'),
(16, 'Patient_16', 'M', '1960-01-15'),
(17, 'Patient_17', 'F', '1974-10-05'),
(18, 'Patient_18', 'F', '1987-11-10'),
(19, 'Patient_19', 'F', '1995-09-11'),
(20, 'Patient_20', 'M', '1993-10-08'),
(21, 'Patient_21', 'M', '1982-10-08'),
(22, 'Patient_22', 'M', '2002-05-11'),
(23, 'Patient_23', 'F', '1975-12-16'),
(24, 'Patient_24', 'M', '1962-10-16'),
(25, 'Patient_25', 'M', '1980-12-16'),
(26, 'Patient_26', 'F', '1970-02-26'),
(27, 'Patient_27', 'F', '1967-08-14'),
(28, 'Patient_28', 'M', '1976-07-05'),
(29, 'Patient_29', 'F', '1991-12-29'),
(30, 'Patient_30', 'M', '1979-03-10'),
(474, 'Patient_474', 'F', '1994-10-05');

-- --------------------------------------------------------

--
-- Table structure for table `treatments`
--

CREATE TABLE `treatments` (
  `treatment_id` int(11) NOT NULL,
  `visit_id` varchar(100) DEFAULT NULL,
  `cost` varchar(10) DEFAULT NULL
) ENGINE=InnoDB DEFAULT CHARSET=utf8mb4 COLLATE=utf8mb4_general_ci;

--
-- Dumping data for table `treatments`
--

INSERT INTO `treatments` (`treatment_id`, `visit_id`, `cost`) VALUES
(1, '1', '458'),
(2, '2', '481'),
(3, '3', '60'),
(4, '4', '398'),
(5, '5', '430'),
(6, '6', '227'),
(7, '7', '263'),
(8, '8', '22'),
(9, '9', '278'),
(10, '10', '125'),
(11, '11', '435'),
(12, '12', '417'),
(13, '13', '284'),
(14, '14', '342'),
(15, '15', '352'),
(16, '16', '306'),
(17, '17', '435'),
(18, '18', '55'),
(19, '19', '331'),
(20, '20', '324'),
(21, '21', '272'),
(22, '22', '97'),
(23, '23', '229'),
(24, '24', '158'),
(25, '25', '475'),
(26, '26', '241'),
(27, '27', '385'),
(28, '28', '208'),
(29, '29', '440'),
(30, '30', '126'),
(31, '31', '391'),
(32, '32', '317'),
(33, '33', '56'),
(34, '34', '229'),
(35, '35', '363'),
(36, '36', '53'),
(37, '37', '246'),
(38, '38', '86'),
(39, '39', '495'),
(40, '40', '321'),
(41, '41', '124'),
(42, '42', '399'),
(43, '43', '179'),
(44, '44', '195'),
(45, '45', '31'),
(46, '46', '317'),
(47, '47', '286'),
(48, '48', '292'),
(49, '49', '325'),
(50, '50', '275'),
(51, '51', '136'),
(52, '52', '30'),
(53, '53', '265'),
(54, '54', '496'),
(55, '55', '99'),
(56, '56', '440'),
(57, '57', '75'),
(58, '58', '54'),
(59, '59', '435'),
(60, '60', '371'),
(61, '61', '294'),
(62, '62', '173'),
(63, '63', '220'),
(64, '64', '148'),
(65, '65', '488'),
(66, '66', '465'),
(67, '67', '277'),
(68, '68', '467'),
(69, '69', '413'),
(70, '70', '438'),
(71, '71', '175'),
(72, '72', '434'),
(73, '73', '268'),
(74, '74', '261'),
(75, '75', '458'),
(76, '76', '301'),
(77, '77', '152'),
(78, '78', '48'),
(79, '79', '487'),
(80, '80', '91'),
(81, '81', '287'),
(82, '82', '155'),
(83, '83', '442'),
(84, '84', '121'),
(85, '85', '91'),
(86, '86', '229'),
(87, '87', '82'),
(88, '88', '438'),
(89, '89', '40'),
(90, '90', '35'),
(91, '91', '342'),
(92, '92', '306'),
(93, '93', '358'),
(94, '94', '175'),
(95, '95', '105'),
(96, '96', '139'),
(97, '97', '27'),
(98, '98', '306'),
(99, '99', '225'),
(100, '100', '268'),
(101, '101', '275'),
(102, '102', '67'),
(103, '103', '320'),
(104, '104', '37'),
(105, '105', '317'),
(106, '106', '96'),
(107, '107', '180'),
(108, '108', '223'),
(109, '109', '341'),
(110, '110', '422'),
(111, '111', '323'),
(112, '112', '76'),
(113, '113', '32'),
(114, '114', '281'),
(115, '115', '258'),
(116, '116', '492'),
(117, '117', '310'),
(118, '118', '488'),
(119, '119', '381'),
(120, '120', '228'),
(121, '121', '492'),
(122, '122', '60'),
(123, '123', '475'),
(124, '124', '73'),
(125, '125', '128'),
(126, '126', '358'),
(127, '127', '490'),
(128, '128', '27'),
(129, '129', '132'),
(130, '130', '447'),
(131, '131', '362'),
(132, '132', '499'),
(133, '133', '467'),
(134, '134', '48'),
(135, '135', '497'),
(136, '136', '353'),
(137, '137', '106');

-- --------------------------------------------------------

--
-- Table structure for table `visits`
--

CREATE TABLE `visits` (
  `visit_id` int(11) NOT NULL,
  `patient_id` varchar(20) DEFAULT NULL,
  `doctor_id` varchar(20) DEFAULT NULL,
  `visit_date` date DEFAULT NULL
) ENGINE=InnoDB DEFAULT CHARSET=utf8mb4 COLLATE=utf8mb4_general_ci;

--
-- Dumping data for table `visits`
--

INSERT INTO `visits` (`visit_id`, `patient_id`, `doctor_id`, `visit_date`) VALUES
(1, '1', '26', '2025-02-18'),
(2, '2', '9', '2025-10-18'),
(3, '3', '25', '2025-06-28'),
(4, '4', '31', '2025-10-09'),
(5, '4', '27', '2025-12-26'),
(6, '4', '4', '2025-06-23'),
(7, '5', '7', '2025-10-16'),
(8, '6', '6', '2025-06-22'),
(9, '6', '30', '2025-07-24'),
(10, '7', '8', '2025-08-04'),
(11, '7', '11', '2025-08-09'),
(12, '7', '27', '2025-12-29'),
(13, '8', '7', '2025-03-02'),
(14, '9', '30', '2025-05-28'),
(15, '9', '31', '2025-07-03'),
(16, '10', '33', '2025-09-25'),
(17, '10', '34', '2025-05-04'),
(18, '11', '24', '2026-01-03'),
(19, '11', '31', '2025-12-06'),
(20, '12', '35', '2025-02-02'),
(21, '12', '30', '2026-01-10'),
(22, '12', '19', '2025-05-01'),
(23, '13', '25', '2026-01-14'),
(24, '13', '39', '2025-09-25'),
(25, '13', '37', '2025-08-01'),
(26, '14', '1', '2025-06-20'),
(27, '15', '30', '2025-12-12'),
(28, '15', '29', '2025-07-23'),
(29, '16', '29', '2025-04-20'),
(30, '17', '5', '2025-03-14'),
(31, '17', '14', '2025-08-04'),
(32, '18', '18', '2025-10-16'),
(33, '19', '19', '2025-02-27'),
(34, '19', '6', '2025-04-27'),
(35, '19', '36', '2025-05-25'),
(36, '20', '5', '2025-05-14'),
(37, '20', '36', '2025-11-25'),
(38, '20', '10', '2025-08-04'),
(39, '21', '23', '2025-10-08'),
(40, '22', '10', '2025-10-23'),
(41, '23', '38', '2026-01-12'),
(42, '23', '1', '2025-08-04'),
(43, '23', '33', '2025-02-03'),
(44, '24', '39', '2025-10-17'),
(45, '24', '36', '2025-12-10'),
(46, '24', '38', '2025-10-04'),
(47, '25', '11', '2025-03-04'),
(48, '25', '6', '2025-12-11'),
(49, '26', '38', '2025-12-06'),
(50, '26', '1', '2025-09-06'),
(51, '27', '28', '2025-06-19'),
(52, '28', '35', '2026-01-06'),
(53, '28', '26', '2025-09-28'),
(54, '29', '29', '2025-10-25'),
(55, '29', '38', '2025-12-31'),
(56, '29', '39', '2025-05-24'),
(57, '30', '28', '2025-09-17'),
(58, '30', '23', '2025-02-28'),
(59, '30', '30', '2025-04-24'),
(60, '31', '40', '2025-03-02'),
(61, '31', '20', '2025-02-14'),
(62, '32', '9', '2025-06-15'),
(63, '33', '6', '2025-12-11'),
(64, '33', '29', '2025-02-03'),
(65, '34', '38', '2025-08-17'),
(66, '35', '31', '2025-03-21'),
(67, '35', '3', '2025-01-29'),
(68, '35', '39', '2025-03-07'),
(69, '36', '12', '2025-12-19'),
(70, '37', '6', '2025-12-24'),
(71, '38', '27', '2025-07-31'),
(72, '38', '40', '2025-11-22'),
(73, '38', '34', '2025-03-08'),
(74, '39', '10', '2025-06-12'),
(75, '40', '19', '2025-04-29'),
(76, '40', '12', '2025-10-06'),
(77, '41', '6', '2025-11-21'),
(78, '41', '35', '2025-05-22'),
(79, '42', '12', '2025-07-22'),
(80, '42', '35', '2025-11-16'),
(81, '43', '26', '2025-03-29'),
(82, '44', '1', '2025-04-07'),
(83, '45', '4', '2025-02-14'),
(84, '45', '17', '2025-07-14'),
(85, '46', '26', '2025-03-19'),
(86, '46', '19', '2025-08-19'),
(87, '46', '25', '2026-01-07'),
(88, '47', '6', '2025-10-03'),
(89, '48', '10', '2025-05-08'),
(90, '48', '23', '2025-08-19'),
(91, '48', '37', '2025-06-23'),
(92, '49', '29', '2025-05-15'),
(93, '49', '19', '2025-08-30'),
(94, '50', '18', '2025-10-09'),
(95, '51', '27', '2025-02-16'),
(96, '51', '36', '2025-07-17'),
(97, '51', '28', '2025-08-11'),
(98, '52', '12', '2025-08-03'),
(99, '52', '27', '2025-10-03'),
(100, '52', '30', '2025-02-15'),
(101, '53', '35', '2025-03-29'),
(102, '54', '17', '2025-10-21'),
(103, '55', '22', '2025-01-23'),
(104, '55', '6', '2025-03-24'),
(105, '56', '29', '2025-04-28'),
(106, '57', '9', '2025-01-26'),
(107, '57', '28', '2025-01-18'),
(108, '58', '39', '2025-04-10'),
(109, '58', '36', '2025-01-20'),
(110, '58', '20', '2025-12-30'),
(111, '59', '7', '2025-05-31'),
(112, '60', '28', '2025-01-22'),
(113, '61', '22', '2025-03-08'),
(114, '61', '5', '2025-02-26'),
(115, '61', '19', '2025-01-29'),
(116, '62', '33', '2025-02-02'),
(117, '63', '30', '2025-05-27'),
(118, '63', '6', '2025-04-26'),
(119, '64', '26', '2025-09-12'),
(120, '64', '39', '2025-04-05'),
(121, '64', '9', '2025-03-17'),
(122, '65', '23', '2025-01-26'),
(123, '65', '28', '2025-08-02'),
(124, '66', '31', '2025-01-24'),
(125, '66', '24', '2025-08-15'),
(126, '67', '28', '2025-09-17'),
(127, '67', '1', '2025-08-25'),
(128, '68', '3', '2025-12-10'),
(129, '68', '7', '2025-06-24'),
(130, '68', '32', '2025-12-14'),
(131, '69', '13', '2025-05-02'),
(132, '69', '7', '2026-01-11'),
(133, '69', '5', '2025-11-03'),
(134, '70', '14', '2025-07-15'),
(135, '70', '19', '2025-07-11'),
(136, '70', '21', '2025-11-09'),
(137, '71', '33', '2025-06-10'),
(138, '71', '18', '2025-12-09'),
(139, '71', '26', '2025-01-17'),
(140, '72', '11', '2025-10-18'),
(141, '72', '26', '2025-05-01'),
(142, '73', '7', '2025-04-29'),
(143, '73', '14', '2025-06-22'),
(144, '74', '1', '2025-07-25'),
(145, '75', '16', '2025-03-29'),
(146, '76', '28', '2025-06-05'),
(147, '76', '11', '2025-02-10'),
(148, '76', '34', '2025-09-24'),
(149, '77', '24', '2025-06-23'),
(150, '77', '25', '2025-03-20'),
(151, '77', '12', '2026-01-04'),
(152, '78', '6', '2025-12-16'),
(153, '78', '19', '2026-01-10'),
(154, '79', '39', '2025-06-09'),
(155, '80', '22', '2025-04-25'),
(156, '81', '7', '2025-04-29'),
(157, '81', '5', '2025-07-09'),
(158, '81', '15', '2025-12-28'),
(159, '82', '32', '2025-02-24'),
(160, '83', '21', '2025-06-04'),
(161, '83', '16', '2025-05-06'),
(162, '83', '17', '2025-04-11'),
(163, '84', '13', '2025-02-06'),
(164, '84', '31', '2025-09-08'),
(165, '84', '15', '2025-06-13'),
(166, '85', '31', '2025-02-04'),
(167, '85', '2', '2025-04-28'),
(168, '85', '31', '2025-03-11'),
(169, '86', '37', '2025-10-10'),
(170, '87', '11', '2025-09-21'),
(171, '88', '34', '2025-09-02'),
(172, '88', '40', '2025-06-20'),
(173, '89', '11', '2025-08-04'),
(174, '90', '28', '2025-03-28'),
(175, '90', '12', '2025-05-15'),
(176, '91', '3', '2025-08-22'),
(177, '92', '31', '2025-04-22'),
(178, '93', '17', '2025-11-25'),
(179, '94', '22', '2025-12-27'),
(180, '94', '39', '2026-01-04'),
(181, '95', '7', '2025-07-02'),
(182, '95', '40', '2025-04-06'),
(183, '96', '1', '2025-08-19'),
(184, '96', '27', '2025-02-24'),
(185, '96', '37', '2025-04-08'),
(186, '97', '11', '2025-02-27'),
(187, '97', '30', '2025-10-13'),
(188, '97', '7', '2025-04-17'),
(189, '98', '16', '2025-08-29'),
(190, '99', '20', '2025-05-06'),
(191, '99', '31', '2025-03-11'),
(192, '100', '15', '2025-10-05'),
(193, '101', '16', '2025-11-04'),
(194, '101', '1', '2025-05-02'),
(195, '102', '40', '2025-06-28'),
(196, '102', '28', '2025-03-24'),
(197, '103', '28', '2025-10-15'),
(198, '103', '11', '2026-01-07'),
(199, '104', '13', '2025-09-24'),
(200, '104', '25', '2025-04-29'),
(201, '105', '32', '2025-02-17'),
(202, '105', '26', '2025-09-26'),
(203, '106', '28', '2025-12-05'),
(204, '106', '40', '2025-12-06'),
(205, '106', '18', '2025-08-17'),
(206, '107', '11', '2025-07-30'),
(207, '108', '39', '2025-07-31'),
(208, '108', '36', '2025-05-07'),
(209, '109', '12', '2025-11-17'),
(210, '109', '7', '2025-09-10'),
(211, '109', '23', '2025-08-31'),
(212, '110', '5', '2025-09-03'),
(213, '110', '9', '2025-10-03'),
(214, '111', '29', '2025-11-28'),
(215, '111', '3', '2025-07-29'),
(216, '111', '17', '2025-09-06'),
(217, '112', '24', '2025-06-21'),
(218, '112', '27', '2025-10-30'),
(219, '112', '15', '2025-09-30'),
(220, '113', '9', '2025-04-13'),
(221, '113', '6', '2026-01-14'),
(222, '113', '14', '2025-08-25'),
(223, '114', '29', '2025-05-29'),
(224, '114', '2', '2025-06-08'),
(225, '115', '2', '2025-05-26'),
(226, '115', '12', '2025-05-28'),
(227, '116', '10', '2025-06-28'),
(228, '116', '20', '2025-02-22'),
(229, '116', '10', '2025-01-29'),
(230, '117', '33', '2025-02-01'),
(231, '117', '33', '2025-11-04'),
(232, '117', '37', '2025-04-02'),
(233, '118', '12', '2025-11-08'),
(234, '119', '7', '2025-08-03'),
(235, '119', '1', '2025-03-09'),
(236, '119', '38', '2025-06-15'),
(237, '120', '23', '2025-08-15'),
(238, '121', '8', '2025-11-06'),
(239, '121', '7', '2025-06-23'),
(240, '122', '15', '2025-02-11'),
(241, '122', '16', '2025-10-04'),
(242, '122', '14', '2025-03-22'),
(243, '123', '2', '2025-08-15'),
(244, '123', '38', '2025-05-31'),
(245, '123', '26', '2025-11-04'),
(246, '124', '29', '2025-11-15'),
(247, '124', '28', '2025-04-09'),
(248, '124', '37', '2025-04-13'),
(249, '125', '37', '2025-10-19'),
(250, '125', '18', '2025-07-04'),
(251, '126', '19', '2025-03-29'),
(252, '126', '8', '2025-04-06'),
(253, '126', '22', '2025-05-13'),
(254, '127', '13', '2025-03-03'),
(255, '128', '12', '2025-04-19'),
(256, '128', '36', '2025-02-01'),
(257, '128', '40', '2025-06-16'),
(258, '129', '37', '2025-10-05'),
(259, '129', '39', '2025-01-20'),
(260, '130', '39', '2025-04-27'),
(261, '131', '13', '2025-06-03'),
(262, '131', '38', '2025-05-13'),
(263, '132', '28', '2025-07-01'),
(264, '132', '18', '2025-11-15'),
(265, '132', '28', '2025-09-20'),
(266, '133', '19', '2025-06-03'),
(267, '133', '16', '2025-01-30'),
(268, '134', '18', '2025-02-26'),
(269, '134', '23', '2025-03-15'),
(270, '134', '16', '2025-02-10'),
(271, '135', '25', '2025-12-01'),
(272, '135', '5', '2025-03-23'),
(273, '136', '12', '2025-11-14'),
(274, '137', '31', '2025-10-01'),
(275, '137', '8', '2025-04-19'),
(276, '137', '15', '2025-12-07'),
(277, '138', '6', '2025-09-08'),
(278, '138', '27', '2025-05-17'),
(279, '139', '32', '2025-12-31'),
(280, '139', '17', '2025-12-02'),
(281, '139', '33', '2026-01-05'),
(282, '140', '20', '2026-01-03'),
(283, '141', '33', '2025-02-05'),
(284, '141', '38', '2025-03-27'),
(285, '141', '11', '2025-05-14'),
(286, '142', '4', '2025-06-27'),
(287, '142', '26', '2025-11-03'),
(288, '142', '19', '2025-11-30'),
(289, '143', '28', '2025-07-12'),
(290, '144', '38', '2025-10-01'),
(291, '144', '18', '2025-09-20'),
(292, '144', '16', '2025-04-17'),
(293, '145', '39', '2025-01-16'),
(294, '145', '30', '2025-08-17'),
(295, '146', '35', '2025-12-10'),
(296, '147', '28', '2025-09-17'),
(297, '147', '40', '2025-12-18'),
(298, '148', '37', '2025-08-03'),
(299, '148', '11', '2025-03-25'),
(300, '149', '39', '2025-08-25'),
(301, '149', '27', '2026-01-08'),
(302, '150', '26', '2025-07-24'),
(303, '151', '33', '2025-06-05'),
(304, '152', '40', '2025-05-02'),
(305, '153', '38', '2025-11-24'),
(306, '153', '31', '2025-03-01'),
(307, '153', '27', '2025-09-03'),
(308, '154', '14', '2025-03-30'),
(309, '154', '29', '2025-12-15'),
(310, '155', '31', '2025-03-30'),
(311, '155', '2', '2025-08-05'),
(312, '155', '35', '2025-04-21'),
(313, '156', '28', '2025-08-12'),
(314, '157', '7', '2025-05-20'),
(315, '157', '31', '2025-11-18'),
(316, '157', '39', '2025-11-10'),
(317, '158', '6', '2025-12-09'),
(318, '158', '36', '2025-09-09'),
(319, '159', '37', '2025-06-19'),
(320, '160', '5', '2025-10-22'),
(321, '160', '24', '2025-03-16'),
(322, '161', '7', '2025-01-30'),
(323, '161', '25', '2025-12-09'),
(324, '162', '38', '2025-12-11'),
(325, '162', '22', '2025-06-29'),
(326, '163', '39', '2025-06-07'),
(327, '164', '12', '2025-10-27'),
(328, '164', '32', '2025-02-26'),
(329, '164', '11', '2025-06-22'),
(330, '165', '2', '2025-02-11'),
(331, '165', '17', '2025-09-04'),
(332, '165', '9', '2025-04-04'),
(333, '166', '22', '2025-04-09'),
(334, '166', '3', '2025-09-30'),
(335, '167', '23', '2025-05-16'),
(336, '168', '7', '2025-06-23'),
(337, '168', '25', '2026-01-06'),
(338, '168', '31', '2025-11-17'),
(339, '169', '26', '2025-03-17'),
(340, '169', '37', '2025-07-25'),
(341, '170', '14', '2025-03-25'),
(342, '171', '23', '2025-05-22'),
(343, '172', '35', '2025-01-17'),
(344, '173', '9', '2025-07-09'),
(345, '173', '34', '2025-08-26'),
(346, '173', '22', '2026-01-09'),
(347, '174', '5', '2025-04-26'),
(348, '175', '37', '2025-06-12'),
(349, '175', '32', '2026-01-12'),
(350, '175', '4', '2025-12-11'),
(351, '176', '27', '2025-11-01'),
(352, '176', '7', '2025-07-23'),
(353, '177', '32', '2025-05-15'),
(354, '177', '28', '2025-09-03'),
(355, '177', '19', '2025-05-11'),
(356, '178', '24', '2025-04-18'),
(357, '179', '35', '2025-05-29'),
(358, '179', '17', '2025-05-27'),
(359, '179', '36', '2025-08-01'),
(360, '180', '21', '2025-02-25'),
(361, '181', '1', '2025-05-01'),
(362, '182', '13', '2025-04-10'),
(363, '182', '10', '2025-12-18'),
(364, '182', '9', '2025-11-20'),
(365, '183', '3', '2025-08-26'),
(366, '184', '39', '2025-02-06'),
(367, '184', '39', '2025-08-12'),
(368, '184', '2', '2025-06-14'),
(369, '185', '17', '2025-12-19'),
(370, '185', '25', '2025-06-30'),
(371, '186', '39', '2025-05-20'),
(372, '186', '39', '2025-04-04'),
(373, '186', '12', '2025-02-19'),
(374, '187', '19', '2025-02-12'),
(375, '187', '29', '2025-12-05'),
(376, '188', '20', '2025-11-18'),
(377, '188', '14', '2025-02-06'),
(378, '189', '16', '2025-09-26'),
(379, '189', '36', '2025-02-12'),
(380, '189', '8', '2025-08-21'),
(381, '190', '4', '2025-12-29'),
(382, '190', '28', '2025-12-17'),
(383, '191', '18', '2025-04-09'),
(384, '192', '17', '2025-01-24'),
(385, '192', '16', '2025-02-19'),
(386, '193', '28', '2025-05-15'),
(387, '193', '10', '2025-04-25'),
(388, '193', '19', '2025-09-20'),
(389, '194', '12', '2025-02-27'),
(390, '195', '3', '2025-05-02'),
(391, '195', '39', '2025-07-06'),
(392, '195', '26', '2025-07-17'),
(393, '196', '22', '2025-07-06'),
(394, '196', '4', '2025-09-20'),
(395, '197', '16', '2025-02-12'),
(396, '198', '22', '2025-10-25'),
(397, '198', '1', '2025-12-24'),
(398, '199', '21', '2025-09-23'),
(399, '199', '38', '2025-08-04'),
(400, '200', '32', '2025-01-30'),
(401, '200', '7', '2025-07-13'),
(402, '201', '25', '2025-01-19'),
(403, '201', '26', '2025-04-22'),
(404, '202', '2', '2025-04-06'),
(405, '203', '38', '2025-05-03'),
(406, '204', '31', '2025-07-24'),
(407, '204', '16', '2025-10-05'),
(408, '204', '15', '2025-07-02'),
(409, '205', '26', '2025-01-31'),
(410, '206', '9', '2025-04-18'),
(411, '206', '11', '2025-07-19'),
(412, '207', '37', '2025-12-24'),
(413, '207', '32', '2025-09-18'),
(414, '208', '30', '2026-01-02'),
(415, '208', '27', '2025-08-05'),
(416, '208', '3', '2025-09-24'),
(417, '209', '27', '2025-07-18'),
(418, '209', '15', '2025-06-01'),
(419, '210', '15', '2025-03-31'),
(420, '211', '37', '2025-08-01'),
(421, '211', '23', '2025-09-05'),
(422, '212', '37', '2025-04-12'),
(423, '212', '15', '2025-07-03'),
(424, '212', '35', '2025-10-22'),
(425, '213', '6', '2025-05-12'),
(426, '214', '5', '2025-08-29'),
(427, '215', '2', '2025-06-07'),
(428, '215', '15', '2025-05-08'),
(429, '216', '7', '2025-09-26'),
(430, '217', '27', '2025-06-14'),
(431, '217', '21', '2025-11-29'),
(432, '218', '33', '2025-07-25'),
(433, '219', '29', '2025-02-23'),
(434, '220', '3', '2025-10-11'),
(435, '220', '21', '2025-06-06'),
(436, '220', '2', '2025-05-29'),
(437, '221', '3', '2025-08-29'),
(438, '221', '19', '2025-08-28'),
(439, '222', '5', '2025-12-15'),
(440, '222', '3', '2025-01-16'),
(441, '222', '23', '2025-08-23'),
(442, '223', '14', '2025-09-01'),
(443, '224', '14', '2026-01-10'),
(444, '224', '10', '2025-07-22'),
(445, '224', '16', '2025-08-09'),
(446, '225', '33', '2025-09-17'),
(447, '226', '13', '2025-10-20'),
(448, '226', '12', '2025-07-04'),
(449, '227', '6', '2025-08-30'),
(450, '227', '17', '2025-07-20'),
(451, '228', '15', '2025-03-10'),
(452, '228', '12', '2025-07-16'),
(453, '228', '6', '2025-03-03'),
(454, '229', '20', '2025-06-01'),
(455, '229', '21', '2025-12-25'),
(456, '230', '18', '2025-12-01'),
(457, '230', '33', '2025-08-15'),
(458, '231', '5', '2025-08-04'),
(459, '231', '25', '2025-09-07'),
(460, '232', '5', '2025-03-11'),
(461, '232', '25', '2025-03-05'),
(462, '233', '31', '2025-06-12'),
(463, '233', '6', '2025-07-30'),
(464, '234', '36', '2025-01-19'),
(465, '234', '21', '2025-05-19'),
(466, '234', '38', '2025-04-05'),
(467, '235', '30', '2025-10-03'),
(468, '236', '7', '2025-09-02'),
(469, '236', '37', '2025-08-26'),
(470, '236', '1', '2026-01-07'),
(471, '237', '1', '2025-06-27'),
(472, '237', '26', '2025-07-14'),
(473, '238', '23', '2025-09-04'),
(474, '238', '31', '2026-01-09'),
(475, '238', '14', '2025-01-22'),
(476, '239', '26', '2025-06-25'),
(477, '239', '3', '2025-12-13'),
(478, '240', '33', '2025-02-24'),
(479, '241', '17', '2025-11-30'),
(480, '241', '32', '2025-09-06'),
(481, '242', '12', '2025-04-06'),
(482, '243', '19', '2025-02-18'),
(483, '243', '31', '2025-03-23'),
(484, '243', '29', '2025-03-27'),
(485, '244', '35', '2025-04-22'),
(486, '244', '11', '2025-10-17'),
(487, '245', '40', '2025-02-21'),
(488, '246', '29', '2025-12-03'),
(489, '246', '2', '2025-04-06'),
(490, '247', '13', '2025-02-23'),
(491, '247', '40', '2025-03-12'),
(492, '248', '13', '2025-12-22'),
(493, '249', '33', '2025-12-18'),
(494, '249', '35', '2025-07-16'),
(495, '250', '33', '2025-10-15'),
(496, '251', '33', '2025-10-10'),
(497, '251', '7', '2026-01-02'),
(498, '251', '25', '2025-04-23'),
(499, '252', '31', '2025-10-14'),
(500, '252', '12', '2025-11-04'),
(501, '253', '32', '2025-08-19'),
(502, '254', '8', '2025-05-12'),
(503, '255', '13', '2025-04-20'),
(504, '255', '21', '2025-08-27'),
(505, '256', '32', '2025-03-05'),
(506, '256', '21', '2025-04-02'),
(507, '256', '39', '2025-03-07'),
(508, '257', '25', '2025-08-19'),
(509, '258', '36', '2025-12-23'),
(510, '258', '38', '2025-12-21'),
(511, '258', '11', '2025-04-29'),
(512, '259', '15', '2025-08-07'),
(513, '259', '10', '2025-03-03'),
(514, '259', '8', '2025-03-05'),
(515, '260', '17', '2025-01-26'),
(516, '260', '31', '2026-01-11'),
(517, '261', '37', '2025-05-27'),
(518, '261', '24', '2025-05-30'),
(519, '261', '1', '2025-03-22'),
(520, '262', '3', '2025-05-28'),
(521, '262', '17', '2025-04-11'),
(522, '262', '14', '2025-03-12'),
(523, '263', '8', '2025-12-03'),
(524, '264', '5', '2025-10-06'),
(525, '264', '11', '2025-08-07'),
(526, '265', '8', '2025-03-09'),
(527, '265', '37', '2025-06-24'),
(528, '266', '12', '2026-01-12'),
(529, '266', '15', '2025-06-10'),
(530, '267', '32', '2025-06-11'),
(531, '267', '5', '2025-08-08'),
(532, '267', '10', '2025-04-07'),
(533, '268', '21', '2025-09-08'),
(534, '269', '24', '2025-09-30'),
(535, '269', '25', '2025-12-21'),
(536, '270', '19', '2025-04-22'),
(537, '270', '31', '2025-05-22'),
(538, '270', '20', '2026-01-01'),
(539, '271', '14', '2025-07-17'),
(540, '271', '29', '2025-01-16'),
(541, '271', '11', '2025-06-16'),
(542, '272', '35', '2025-11-29'),
(543, '272', '24', '2025-11-28'),
(544, '272', '31', '2025-09-08'),
(545, '273', '22', '2025-05-13'),
(546, '274', '28', '2025-05-08'),
(547, '274', '21', '2025-11-21'),
(548, '274', '39', '2025-09-28'),
(549, '275', '19', '2025-12-23'),
(550, '276', '30', '2026-01-13'),
(551, '276', '19', '2025-10-24'),
(552, '277', '30', '2025-01-20'),
(553, '278', '2', '2025-10-21'),
(554, '279', '30', '2025-02-06'),
(555, '279', '20', '2025-11-26'),
(556, '280', '15', '2025-10-27'),
(557, '280', '6', '2025-11-27'),
(558, '281', '37', '2025-08-16'),
(559, '282', '6', '2025-02-05'),
(560, '283', '12', '2025-11-25'),
(561, '283', '13', '2025-03-04'),
(562, '284', '12', '2025-07-22'),
(563, '285', '25', '2025-09-30'),
(564, '286', '5', '2025-02-25'),
(565, '286', '17', '2026-01-13'),
(566, '286', '9', '2026-01-10'),
(567, '287', '6', '2025-09-20'),
(568, '287', '8', '2025-11-03'),
(569, '288', '36', '2025-10-26'),
(570, '289', '36', '2025-03-16'),
(571, '289', '27', '2025-11-14'),
(572, '290', '23', '2025-02-12'),
(573, '290', '34', '2025-06-05'),
(574, '290', '7', '2025-05-29'),
(575, '291', '15', '2025-03-01'),
(576, '291', '3', '2025-02-28'),
(577, '291', '38', '2025-08-18'),
(578, '292', '1', '2025-08-29'),
(579, '292', '16', '2025-12-08'),
(580, '292', '20', '2025-09-03'),
(581, '293', '4', '2025-06-19'),
(582, '293', '13', '2025-05-03'),
(583, '293', '14', '2025-06-09'),
(584, '294', '17', '2025-01-29'),
(585, '294', '1', '2025-11-10'),
(586, '295', '39', '2025-12-26'),
(587, '295', '5', '2025-05-26'),
(588, '295', '4', '2025-08-21'),
(589, '296', '4', '2025-07-06'),
(590, '296', '7', '2025-02-18'),
(591, '297', '17', '2025-04-22'),
(592, '297', '30', '2025-12-17'),
(593, '298', '9', '2025-04-19'),
(594, '298', '16', '2025-12-29'),
(595, '298', '18', '2025-05-07'),
(596, '299', '2', '2025-09-11'),
(597, '299', '34', '2025-11-13'),
(598, '299', '16', '2025-06-07'),
(599, '300', '5', '2025-09-22'),
(600, '300', '13', '2025-04-26'),
(601, '300', '34', '2025-11-24'),
(602, '301', '3', '2026-01-09'),
(603, '301', '18', '2025-02-02'),
(604, '301', '16', '2025-03-21'),
(605, '302', '38', '2025-03-30'),
(606, '302', '31', '2026-01-11'),
(607, '303', '10', '2025-10-20'),
(608, '304', '3', '2025-04-21'),
(609, '304', '8', '2025-05-01'),
(610, '304', '19', '2025-02-10'),
(611, '305', '35', '2025-03-19'),
(612, '306', '29', '2025-09-20'),
(613, '307', '8', '2025-03-04'),
(614, '307', '29', '2025-10-11'),
(615, '308', '11', '2025-09-11'),
(616, '308', '33', '2025-11-06'),
(617, '309', '35', '2025-04-17'),
(618, '310', '8', '2025-03-06'),
(619, '310', '29', '2025-10-04'),
(620, '311', '25', '2025-04-13'),
(621, '312', '14', '2025-12-30'),
(622, '312', '16', '2026-01-01'),
(623, '313', '24', '2026-01-03'),
(624, '313', '33', '2025-09-20'),
(625, '314', '23', '2025-06-04'),
(626, '315', '35', '2025-08-03'),
(627, '316', '26', '2025-06-20'),
(628, '316', '36', '2025-09-30'),
(629, '316', '6', '2025-09-21'),
(630, '317', '7', '2026-01-01'),
(631, '317', '39', '2025-09-10'),
(632, '318', '20', '2026-01-06'),
(633, '319', '2', '2025-12-20'),
(634, '319', '3', '2025-12-17'),
(635, '319', '22', '2025-04-30'),
(636, '320', '21', '2026-01-04'),
(637, '320', '15', '2025-04-21'),
(638, '320', '40', '2025-07-02'),
(639, '321', '6', '2025-05-02'),
(640, '322', '26', '2025-04-19'),
(641, '322', '24', '2025-10-11'),
(642, '323', '2', '2025-06-27'),
(643, '324', '25', '2025-05-23'),
(644, '324', '9', '2025-03-15'),
(645, '324', '24', '2025-10-10'),
(646, '325', '13', '2025-04-30'),
(647, '326', '26', '2025-04-27'),
(648, '326', '9', '2025-02-24'),
(649, '326', '6', '2025-10-27'),
(650, '327', '9', '2025-09-10'),
(651, '327', '30', '2025-06-05'),
(652, '328', '17', '2025-05-18'),
(653, '328', '32', '2025-11-25'),
(654, '328', '33', '2025-09-22'),
(655, '329', '4', '2025-07-12'),
(656, '329', '10', '2025-05-01'),
(657, '329', '34', '2025-03-22'),
(658, '330', '20', '2025-07-21'),
(659, '331', '14', '2025-07-03'),
(660, '331', '27', '2025-10-18'),
(661, '331', '14', '2025-03-16'),
(662, '332', '30', '2025-02-22'),
(663, '332', '36', '2025-06-16'),
(664, '332', '17', '2025-09-08'),
(665, '333', '1', '2025-08-30'),
(666, '333', '14', '2025-07-24'),
(667, '334', '10', '2025-12-12'),
(668, '334', '1', '2025-03-31'),
(669, '335', '4', '2025-04-27'),
(670, '335', '16', '2025-03-14'),
(671, '336', '29', '2025-06-18'),
(672, '337', '1', '2025-04-19'),
(673, '338', '3', '2025-06-10'),
(674, '339', '24', '2025-03-04'),
(675, '339', '16', '2025-06-17'),
(676, '340', '33', '2025-10-30'),
(677, '340', '33', '2025-02-23'),
(678, '340', '19', '2025-03-09'),
(679, '341', '11', '2025-07-29'),
(680, '341', '27', '2025-12-21'),
(681, '341', '18', '2025-10-11'),
(682, '342', '28', '2025-05-07'),
(683, '343', '1', '2025-05-25'),
(684, '344', '31', '2025-06-04'),
(685, '344', '38', '2025-07-20'),
(686, '345', '40', '2025-01-15'),
(687, '345', '5', '2025-03-13'),
(688, '345', '28', '2025-05-17'),
(689, '346', '20', '2025-12-25'),
(690, '346', '40', '2025-04-20'),
(691, '347', '4', '2025-10-16'),
(692, '347', '1', '2025-12-16'),
(693, '348', '7', '2026-01-07'),
(694, '348', '19', '2025-07-12'),
(695, '349', '35', '2025-09-26'),
(696, '350', '34', '2025-09-26'),
(697, '350', '9', '2025-02-12'),
(698, '351', '16', '2025-02-02'),
(699, '352', '32', '2025-06-14'),
(700, '352', '7', '2025-02-06'),
(701, '352', '7', '2025-02-12'),
(702, '353', '20', '2025-02-16'),
(703, '353', '16', '2026-01-07'),
(704, '354', '33', '2025-08-19'),
(705, '355', '27', '2025-09-28'),
(706, '355', '1', '2025-05-25'),
(707, '356', '13', '2025-04-17'),
(708, '356', '29', '2025-02-10'),
(709, '356', '9', '2025-01-21'),
(710, '357', '40', '2025-12-06'),
(711, '358', '2', '2025-10-21'),
(712, '358', '10', '2025-05-30'),
(713, '358', '5', '2025-08-05'),
(714, '359', '2', '2025-03-26'),
(715, '359', '35', '2025-04-01'),
(716, '360', '8', '2025-09-15'),
(717, '361', '16', '2025-07-27'),
(718, '361', '10', '2025-03-11'),
(719, '362', '34', '2025-08-18'),
(720, '363', '13', '2026-01-08'),
(721, '364', '22', '2025-12-26'),
(722, '364', '16', '2025-07-11'),
(723, '365', '8', '2025-03-10'),
(724, '365', '3', '2025-06-15'),
(725, '366', '26', '2025-06-10'),
(726, '366', '17', '2025-08-22'),
(727, '367', '22', '2025-03-12'),
(728, '367', '4', '2025-09-21'),
(729, '367', '4', '2025-07-10'),
(730, '368', '2', '2025-03-20'),
(731, '368', '16', '2025-08-13'),
(732, '369', '12', '2025-02-16'),
(733, '370', '11', '2025-10-08'),
(734, '371', '39', '2025-05-15'),
(735, '371', '17', '2025-08-10'),
(736, '372', '6', '2025-10-25'),
(737, '373', '8', '2025-01-25'),
(738, '373', '18', '2025-07-11'),
(739, '374', '13', '2025-04-18'),
(740, '375', '29', '2025-02-05'),
(741, '375', '13', '2025-05-28'),
(742, '375', '21', '2025-12-09'),
(743, '376', '9', '2025-08-03'),
(744, '376', '3', '2025-09-18'),
(745, '377', '5', '2025-03-30'),
(746, '377', '28', '2025-06-14'),
(747, '377', '11', '2025-04-23'),
(748, '378', '26', '2025-03-03'),
(749, '379', '16', '2025-06-17'),
(750, '380', '9', '2025-09-13'),
(751, '380', '6', '2025-07-16'),
(752, '381', '29', '2025-06-16'),
(753, '382', '25', '2026-01-11'),
(754, '383', '25', '2025-12-21'),
(755, '383', '4', '2025-02-02'),
(756, '383', '12', '2025-12-23'),
(757, '384', '14', '2025-05-07'),
(758, '384', '31', '2025-11-12'),
(759, '384', '30', '2025-08-11'),
(760, '385', '19', '2025-07-02'),
(761, '386', '6', '2025-09-30'),
(762, '387', '16', '2025-07-08'),
(763, '388', '11', '2025-11-08'),
(764, '388', '24', '2025-07-29'),
(765, '388', '21', '2025-12-11'),
(766, '389', '14', '2025-01-15'),
(767, '389', '3', '2025-09-30'),
(768, '389', '35', '2025-06-17'),
(769, '390', '3', '2025-11-05'),
(770, '390', '6', '2025-06-08'),
(771, '390', '30', '2025-09-22'),
(772, '391', '39', '2025-07-26'),
(773, '392', '8', '2025-02-08'),
(774, '393', '24', '2025-03-18'),
(775, '394', '27', '2025-02-10'),
(776, '395', '2', '2025-10-05'),
(777, '395', '16', '2025-10-23'),
(778, '396', '13', '2025-03-22'),
(779, '396', '25', '2025-11-15'),
(780, '396', '34', '2025-04-10'),
(781, '397', '26', '2025-01-16'),
(782, '397', '2', '2025-07-26'),
(783, '397', '5', '2025-09-13'),
(784, '398', '15', '2025-11-14'),
(785, '399', '25', '2025-06-17'),
(786, '399', '3', '2025-09-05'),
(787, '400', '20', '2025-07-01'),
(788, '401', '10', '2025-03-16'),
(789, '402', '35', '2025-11-17'),
(790, '403', '39', '2025-04-26'),
(791, '404', '6', '2025-01-30'),
(792, '404', '39', '2025-09-20'),
(793, '404', '22', '2025-05-22'),
(794, '405', '31', '2025-06-09'),
(795, '405', '9', '2025-08-09'),
(796, '406', '9', '2025-01-18'),
(797, '406', '39', '2025-03-14'),
(798, '406', '10', '2025-03-04'),
(799, '407', '20', '2025-06-23'),
(800, '407', '29', '2025-07-08'),
(801, '407', '6', '2025-08-02'),
(802, '408', '38', '2025-08-09'),
(803, '408', '15', '2025-06-23'),
(804, '409', '29', '2025-10-09'),
(805, '410', '39', '2025-10-31'),
(806, '410', '36', '2025-02-26'),
(807, '410', '7', '2025-11-27'),
(808, '411', '7', '2025-07-09'),
(809, '412', '8', '2025-01-16'),
(810, '412', '25', '2025-04-12'),
(811, '412', '33', '2025-11-24'),
(812, '413', '10', '2025-09-18'),
(813, '413', '10', '2025-11-30'),
(814, '413', '21', '2025-06-06'),
(815, '414', '2', '2025-06-16'),
(816, '415', '32', '2025-02-18'),
(817, '416', '5', '2025-05-03'),
(818, '416', '9', '2025-09-01'),
(819, '416', '38', '2025-10-24'),
(820, '417', '38', '2025-10-30'),
(821, '417', '38', '2025-09-23'),
(822, '417', '32', '2025-04-14'),
(823, '418', '31', '2025-04-16'),
(824, '418', '14', '2025-06-29'),
(825, '419', '19', '2025-03-26'),
(826, '419', '29', '2025-10-16'),
(827, '420', '26', '2025-02-06'),
(828, '420', '37', '2025-03-22'),
(829, '420', '37', '2025-09-03'),
(830, '421', '26', '2025-12-22'),
(831, '422', '22', '2025-05-09'),
(832, '422', '37', '2025-06-07'),
(833, '423', '8', '2025-05-23'),
(834, '423', '24', '2025-09-07'),
(835, '423', '5', '2026-01-07'),
(836, '424', '28', '2025-04-24'),
(837, '425', '37', '2025-07-05'),
(838, '425', '9', '2025-09-29'),
(839, '425', '1', '2025-08-05'),
(840, '426', '16', '2025-04-03'),
(841, '426', '37', '2025-12-30'),
(842, '426', '2', '2025-05-26'),
(843, '427', '35', '2025-09-02'),
(844, '427', '13', '2025-05-08'),
(845, '428', '8', '2025-06-14'),
(846, '429', '34', '2025-07-20'),
(847, '429', '39', '2026-01-03'),
(848, '429', '38', '2025-07-12'),
(849, '430', '32', '2025-03-20'),
(850, '430', '24', '2025-09-01'),
(851, '431', '6', '2025-11-09'),
(852, '431', '39', '2025-12-02'),
(853, '432', '39', '2025-04-01'),
(854, '432', '11', '2025-09-21'),
(855, '433', '18', '2025-08-12'),
(856, '434', '24', '2025-02-08'),
(857, '435', '33', '2025-05-17'),
(858, '436', '19', '2025-06-18'),
(859, '436', '16', '2025-11-25'),
(860, '437', '1', '2025-11-23'),
(861, '437', '29', '2025-01-25'),
(862, '438', '11', '2025-11-28'),
(863, '439', '23', '2025-02-27'),
(864, '440', '6', '2025-11-24'),
(865, '441', '21', '2025-10-08'),
(866, '441', '19', '2025-09-22'),
(867, '442', '21', '2025-10-24'),
(868, '442', '4', '2025-05-04'),
(869, '442', '9', '2026-01-10'),
(870, '443', '19', '2026-01-04'),
(871, '444', '3', '2025-01-29'),
(872, '445', '36', '2025-11-26'),
(873, '445', '11', '2025-09-22'),
(874, '445', '18', '2025-07-09'),
(875, '446', '4', '2025-09-03'),
(876, '446', '30', '2025-11-12'),
(877, '447', '9', '2025-09-05'),
(878, '448', '24', '2025-09-15'),
(879, '448', '11', '2025-05-21'),
(880, '448', '31', '2025-04-28'),
(881, '449', '21', '2025-12-17'),
(882, '449', '10', '2025-02-02'),
(883, '449', '25', '2025-07-24'),
(884, '450', '8', '2025-05-03'),
(885, '450', '3', '2025-11-03'),
(886, '450', '22', '2025-04-25'),
(887, '451', '40', '2025-05-14'),
(888, '451', '16', '2025-05-14'),
(889, '451', '5', '2025-02-25'),
(890, '452', '13', '2025-06-06'),
(891, '453', '20', '2025-11-14'),
(892, '453', '6', '2025-10-21'),
(893, '453', '17', '2025-07-15'),
(894, '454', '15', '2025-06-20'),
(895, '454', '13', '2025-10-19'),
(896, '454', '20', '2025-01-24'),
(897, '455', '9', '2025-02-27'),
(898, '455', '27', '2025-07-05'),
(899, '455', '26', '2025-09-18'),
(900, '456', '21', '2025-06-13'),
(901, '456', '22', '2025-02-09'),
(902, '457', '2', '2025-08-04'),
(903, '457', '20', '2025-10-20'),
(904, '457', '32', '2025-10-23'),
(905, '458', '39', '2025-08-16'),
(906, '459', '21', '2026-01-10'),
(907, '459', '33', '2025-04-02'),
(908, '459', '12', '2025-07-27'),
(909, '460', '5', '2025-07-15'),
(910, '460', '1', '2025-07-10'),
(911, '461', '39', '2026-01-11'),
(912, '462', '27', '2025-08-18'),
(913, '462', '10', '2026-01-14'),
(914, '463', '37', '2025-02-17'),
(915, '463', '10', '2025-08-04'),
(916, '463', '40', '2025-02-24'),
(917, '464', '35', '2025-11-09'),
(918, '464', '21', '2025-03-29'),
(919, '464', '8', '2025-07-26'),
(920, '465', '13', '2025-03-25'),
(921, '465', '21', '2025-10-17'),
(922, '466', '20', '2025-08-06'),
(923, '467', '19', '2025-08-17'),
(924, '467', '2', '2026-01-13'),
(925, '467', '2', '2025-08-03'),
(926, '468', '7', '2025-05-26'),
(927, '468', '2', '2025-09-16'),
(928, '469', '8', '2025-01-19'),
(929, '470', '6', '2025-02-14'),
(930, '471', '31', '2026-01-08'),
(931, '471', '28', '2025-02-24'),
(932, '472', '3', '2025-04-03'),
(933, '473', '22', '2025-02-28'),
(934, '474', '15', '2025-09-11'),
(935, '474', '32', '2025-11-25'),
(936, '474', '17', '2025-10-07'),
(937, '475', '8', '2025-05-20'),
(938, '475', '27', '2025-11-20'),
(939, '475', '3', '2025-03-15'),
(940, '476', '35', '2025-06-25'),
(941, '476', '3', '2026-01-11'),
(942, '477', '34', '2025-02-08'),
(943, '478', '13', '2025-04-19'),
(944, '478', '14', '2025-10-14'),
(945, '479', '36', '2025-09-06'),
(946, '479', '1', '2025-03-10'),
(947, '479', '18', '2025-04-17'),
(948, '480', '36', '2025-06-25'),
(949, '481', '16', '2026-01-12'),
(950, '481', '28', '2025-09-04'),
(951, '481', '14', '2025-11-26'),
(952, '482', '15', '2025-10-15'),
(953, '483', '8', '2025-12-01'),
(954, '483', '12', '2026-01-01'),
(955, '484', '4', '2025-05-08');

--
-- Indexes for dumped tables
--

--
-- Indexes for table `doctors`
--
ALTER TABLE `doctors`
  ADD PRIMARY KEY (`doctor_id`);

--
-- Indexes for table `patients`
--
ALTER TABLE `patients`
  ADD PRIMARY KEY (`patient_id`);

--
-- Indexes for table `treatments`
--
ALTER TABLE `treatments`
  ADD PRIMARY KEY (`treatment_id`);

--
-- Indexes for table `visits`
--
ALTER TABLE `visits`
  ADD PRIMARY KEY (`visit_id`);
COMMIT;

/*!40101 SET CHARACTER_SET_CLIENT=@OLD_CHARACTER_SET_CLIENT */;
/*!40101 SET CHARACTER_SET_RESULTS=@OLD_CHARACTER_SET_RESULTS */;
/*!40101 SET COLLATION_CONNECTION=@OLD_COLLATION_CONNECTION */;
